USE IDvasive; DELETE FROM REPORT WHERE 1=1; DELETE FROM PLANT_INSTANCE WHERE 1=1; DELETE FROM LOCATIONS WHERE 1=1; DELETE FROM PLANT_TYPE WHERE 1=1;
INSERT INTO PLANT_TYPE (PLANT_ID, PLANT_NAME) VALUES (1, 'eastern hemlock');
INSERT INTO PLANT_TYPE (PLANT_ID, PLANT_NAME) VALUES (2, 'black spruce');
INSERT INTO PLANT_TYPE (PLANT_ID, PLANT_NAME) VALUES (3, 'northern whitecedar');
INSERT INTO PLANT_TYPE (PLANT_ID, PLANT_NAME) VALUES (4, 'eastern white pine');
INSERT INTO LOCATIONS (LOCATION_ID, LONGITUDE, LATITUDE) VALUES (1, -71.7660298751, 44.5510109119);
INSERT INTO PLANT_INSTANCE (PLANT_INSTANCE_ID, PLANT_TYPE_ID, LOCATION_ID) VALUES (1, 2, 1);
INSERT INTO REPORT (REPORT_ID, PLANT_INSTANCE_ID, TIME_CREATED, SUPPLIED_DESCRIPTION, SUPPLIED_IMAGE) VALUES (2, 1, '2012-09-17 01:00:00', 'This is fake history 0', LOAD_FILE('/var/lib/mysql-files/test.jpg'));
INSERT INTO REPORT (REPORT_ID, PLANT_INSTANCE_ID, TIME_CREATED, SUPPLIED_DESCRIPTION, SUPPLIED_IMAGE) VALUES (3, 1, '2012-09-17 02:00:00', 'This is fake history 1', LOAD_FILE('/var/lib/mysql-files/test.jpg'));
INSERT INTO REPORT (REPORT_ID, PLANT_INSTANCE_ID, TIME_CREATED, SUPPLIED_DESCRIPTION, SUPPLIED_IMAGE) VALUES (4, 1, '2012-09-17 00:00:00', '"truffula tree" like shape in swampy area of Victory Basin.  Also saw moose in the area (no photo).  Not an easy place to get to, if you are a human.', LOAD_FILE('/var/lib/mysql-files/test.jpg'));
INSERT INTO LOCATIONS (LOCATION_ID, LONGITUDE, LATITUDE) VALUES (2, -72.5942616667, 43.8475833333);
INSERT INTO PLANT_INSTANCE (PLANT_INSTANCE_ID, PLANT_TYPE_ID, LOCATION_ID) VALUES (2, 2, 2);
INSERT INTO REPORT (REPORT_ID, PLANT_INSTANCE_ID, TIME_CREATED, SUPPLIED_DESCRIPTION, SUPPLIED_IMAGE) VALUES (5, 2, '2014-02-01 01:00:00', 'This is fake history 0', LOAD_FILE('/var/lib/mysql-files/test.jpg'));
INSERT INTO REPORT (REPORT_ID, PLANT_INSTANCE_ID, TIME_CREATED, SUPPLIED_DESCRIPTION, SUPPLIED_IMAGE) VALUES (6, 2, '2014-02-01 00:00:00', 'Growing in a wet grassy/ sphagnum meadow. ', LOAD_FILE('/var/lib/mysql-files/test.jpg'));
INSERT INTO LOCATIONS (LOCATION_ID, LONGITUDE, LATITUDE) VALUES (3, -73.273316, 44.057711);
INSERT INTO PLANT_INSTANCE (PLANT_INSTANCE_ID, PLANT_TYPE_ID, LOCATION_ID) VALUES (3, 2, 3);
INSERT INTO REPORT (REPORT_ID, PLANT_INSTANCE_ID, TIME_CREATED, SUPPLIED_DESCRIPTION, SUPPLIED_IMAGE) VALUES (7, 3, '2014-04-29 01:00:00', 'This is fake history 0', LOAD_FILE('/var/lib/mysql-files/test.jpg'));
INSERT INTO REPORT (REPORT_ID, PLANT_INSTANCE_ID, TIME_CREATED, SUPPLIED_DESCRIPTION, SUPPLIED_IMAGE) VALUES (8, 3, '2014-04-29 00:00:00', 'In an acidic wetland. Note the "truffula" top. ', LOAD_FILE('/var/lib/mysql-files/test.jpg'));
INSERT INTO LOCATIONS (LOCATION_ID, LONGITUDE, LATITUDE) VALUES (4, -73.2976, 44.873977);
INSERT INTO PLANT_INSTANCE (PLANT_INSTANCE_ID, PLANT_TYPE_ID, LOCATION_ID) VALUES (4, 2, 4);
INSERT INTO REPORT (REPORT_ID, PLANT_INSTANCE_ID, TIME_CREATED, SUPPLIED_DESCRIPTION, SUPPLIED_IMAGE) VALUES (9, 4, '2015-05-29 01:00:00', 'This is fake history 0', LOAD_FILE('/var/lib/mysql-files/test.jpg'));
INSERT INTO REPORT (REPORT_ID, PLANT_INSTANCE_ID, TIME_CREATED, SUPPLIED_DESCRIPTION, SUPPLIED_IMAGE) VALUES (10, 4, '2015-05-29 02:00:00', 'This is fake history 1', LOAD_FILE('/var/lib/mysql-files/test.jpg'));
INSERT INTO REPORT (REPORT_ID, PLANT_INSTANCE_ID, TIME_CREATED, SUPPLIED_DESCRIPTION, SUPPLIED_IMAGE) VALUES (11, 4, '2015-05-29 03:00:00', 'This is fake history 2', LOAD_FILE('/var/lib/mysql-files/test.jpg'));
INSERT INTO REPORT (REPORT_ID, PLANT_INSTANCE_ID, TIME_CREATED, SUPPLIED_DESCRIPTION, SUPPLIED_IMAGE) VALUES (12, 4, '2015-05-29 04:00:00', 'This is fake history 3', LOAD_FILE('/var/lib/mysql-files/test.jpg'));
INSERT INTO REPORT (REPORT_ID, PLANT_INSTANCE_ID, TIME_CREATED, SUPPLIED_DESCRIPTION, SUPPLIED_IMAGE) VALUES (13, 4, '2015-05-29 05:00:00', 'This is fake history 4', LOAD_FILE('/var/lib/mysql-files/test.jpg'));
INSERT INTO REPORT (REPORT_ID, PLANT_INSTANCE_ID, TIME_CREATED, SUPPLIED_DESCRIPTION, SUPPLIED_IMAGE) VALUES (14, 4, '2015-05-29 00:00:00', 'Truffula tree', LOAD_FILE('/var/lib/mysql-files/test.jpg'));
INSERT INTO LOCATIONS (LOCATION_ID, LONGITUDE, LATITUDE) VALUES (5, -71.734825, 44.761995);
INSERT INTO PLANT_INSTANCE (PLANT_INSTANCE_ID, PLANT_TYPE_ID, LOCATION_ID) VALUES (5, 2, 5);
INSERT INTO REPORT (REPORT_ID, PLANT_INSTANCE_ID, TIME_CREATED, SUPPLIED_DESCRIPTION, SUPPLIED_IMAGE) VALUES (15, 5, '2015-07-10 01:00:00', 'This is fake history 0', LOAD_FILE('/var/lib/mysql-files/test.jpg'));
INSERT INTO REPORT (REPORT_ID, PLANT_INSTANCE_ID, TIME_CREATED, SUPPLIED_DESCRIPTION, SUPPLIED_IMAGE) VALUES (16, 5, '2015-07-10 02:00:00', 'This is fake history 1', LOAD_FILE('/var/lib/mysql-files/test.jpg'));
INSERT INTO REPORT (REPORT_ID, PLANT_INSTANCE_ID, TIME_CREATED, SUPPLIED_DESCRIPTION, SUPPLIED_IMAGE) VALUES (17, 5, '2015-07-10 00:00:00', 'Moose Bog', LOAD_FILE('/var/lib/mysql-files/test.jpg'));
INSERT INTO LOCATIONS (LOCATION_ID, LONGITUDE, LATITUDE) VALUES (6, -71.7360983333, 44.76327);
INSERT INTO PLANT_INSTANCE (PLANT_INSTANCE_ID, PLANT_TYPE_ID, LOCATION_ID) VALUES (6, 2, 6);
INSERT INTO REPORT (REPORT_ID, PLANT_INSTANCE_ID, TIME_CREATED, SUPPLIED_DESCRIPTION, SUPPLIED_IMAGE) VALUES (18, 6, '2016-07-07 00:00:00', '          ', LOAD_FILE('/var/lib/mysql-files/test.jpg'));
INSERT INTO LOCATIONS (LOCATION_ID, LONGITUDE, LATITUDE) VALUES (7, -73.0526211765, 44.0411052062);
INSERT INTO PLANT_INSTANCE (PLANT_INSTANCE_ID, PLANT_TYPE_ID, LOCATION_ID) VALUES (7, 2, 7);
INSERT INTO REPORT (REPORT_ID, PLANT_INSTANCE_ID, TIME_CREATED, SUPPLIED_DESCRIPTION, SUPPLIED_IMAGE) VALUES (19, 7, '2016-09-13 01:00:00', 'This is fake history 0', LOAD_FILE('/var/lib/mysql-files/test.jpg'));
INSERT INTO REPORT (REPORT_ID, PLANT_INSTANCE_ID, TIME_CREATED, SUPPLIED_DESCRIPTION, SUPPLIED_IMAGE) VALUES (20, 7, '2016-09-13 02:00:00', 'This is fake history 1', LOAD_FILE('/var/lib/mysql-files/test.jpg'));
INSERT INTO REPORT (REPORT_ID, PLANT_INSTANCE_ID, TIME_CREATED, SUPPLIED_DESCRIPTION, SUPPLIED_IMAGE) VALUES (21, 7, '2016-09-13 03:00:00', 'This is fake history 2', LOAD_FILE('/var/lib/mysql-files/test.jpg'));
INSERT INTO REPORT (REPORT_ID, PLANT_INSTANCE_ID, TIME_CREATED, SUPPLIED_DESCRIPTION, SUPPLIED_IMAGE) VALUES (22, 7, '2016-09-13 00:00:00', 'Black?', LOAD_FILE('/var/lib/mysql-files/test.jpg'));
INSERT INTO LOCATIONS (LOCATION_ID, LONGITUDE, LATITUDE) VALUES (8, -73.0526778382, 44.0411093133);
INSERT INTO PLANT_INSTANCE (PLANT_INSTANCE_ID, PLANT_TYPE_ID, LOCATION_ID) VALUES (8, 2, 8);
INSERT INTO REPORT (REPORT_ID, PLANT_INSTANCE_ID, TIME_CREATED, SUPPLIED_DESCRIPTION, SUPPLIED_IMAGE) VALUES (23, 8, '2016-09-13 01:00:00', 'This is fake history 0', LOAD_FILE('/var/lib/mysql-files/test.jpg'));
INSERT INTO REPORT (REPORT_ID, PLANT_INSTANCE_ID, TIME_CREATED, SUPPLIED_DESCRIPTION, SUPPLIED_IMAGE) VALUES (24, 8, '2016-09-13 02:00:00', 'This is fake history 1', LOAD_FILE('/var/lib/mysql-files/test.jpg'));
INSERT INTO REPORT (REPORT_ID, PLANT_INSTANCE_ID, TIME_CREATED, SUPPLIED_DESCRIPTION, SUPPLIED_IMAGE) VALUES (25, 8, '2016-09-13 03:00:00', 'This is fake history 2', LOAD_FILE('/var/lib/mysql-files/test.jpg'));
INSERT INTO REPORT (REPORT_ID, PLANT_INSTANCE_ID, TIME_CREATED, SUPPLIED_DESCRIPTION, SUPPLIED_IMAGE) VALUES (26, 8, '2016-09-13 04:00:00', 'This is fake history 3', LOAD_FILE('/var/lib/mysql-files/test.jpg'));
INSERT INTO REPORT (REPORT_ID, PLANT_INSTANCE_ID, TIME_CREATED, SUPPLIED_DESCRIPTION, SUPPLIED_IMAGE) VALUES (27, 8, '2016-09-13 00:00:00', 'Probably ', LOAD_FILE('/var/lib/mysql-files/test.jpg'));
INSERT INTO LOCATIONS (LOCATION_ID, LONGITUDE, LATITUDE) VALUES (9, -72.4876209722, 43.5958721303);
INSERT INTO PLANT_INSTANCE (PLANT_INSTANCE_ID, PLANT_TYPE_ID, LOCATION_ID) VALUES (9, 2, 9);
INSERT INTO REPORT (REPORT_ID, PLANT_INSTANCE_ID, TIME_CREATED, SUPPLIED_DESCRIPTION, SUPPLIED_IMAGE) VALUES (28, 9, '2016-10-28 00:00:00', 'I think', LOAD_FILE('/var/lib/mysql-files/test.jpg'));
INSERT INTO LOCATIONS (LOCATION_ID, LONGITUDE, LATITUDE) VALUES (10, -72.2748923768, 44.2819594872);
INSERT INTO PLANT_INSTANCE (PLANT_INSTANCE_ID, PLANT_TYPE_ID, LOCATION_ID) VALUES (10, 2, 10);
INSERT INTO REPORT (REPORT_ID, PLANT_INSTANCE_ID, TIME_CREATED, SUPPLIED_DESCRIPTION, SUPPLIED_IMAGE) VALUES (29, 10, '2017-05-10 00:00:00', 'Bss from here In. Dominant in os ', LOAD_FILE('/var/lib/mysql-files/test.jpg'));
INSERT INTO LOCATIONS (LOCATION_ID, LONGITUDE, LATITUDE) VALUES (11, -72.2760341597, 44.2820370617);
INSERT INTO PLANT_INSTANCE (PLANT_INSTANCE_ID, PLANT_TYPE_ID, LOCATION_ID) VALUES (11, 2, 11);
INSERT INTO REPORT (REPORT_ID, PLANT_INSTANCE_ID, TIME_CREATED, SUPPLIED_DESCRIPTION, SUPPLIED_IMAGE) VALUES (30, 11, '2017-05-10 00:00:00', 'Uncommon and mostly in understory. May be some red too. ', LOAD_FILE('/var/lib/mysql-files/test.jpg'));
INSERT INTO LOCATIONS (LOCATION_ID, LONGITUDE, LATITUDE) VALUES (12, -72.23736005, 44.29411004);
INSERT INTO PLANT_INSTANCE (PLANT_INSTANCE_ID, PLANT_TYPE_ID, LOCATION_ID) VALUES (12, 2, 12);
INSERT INTO REPORT (REPORT_ID, PLANT_INSTANCE_ID, TIME_CREATED, SUPPLIED_DESCRIPTION, SUPPLIED_IMAGE) VALUES (31, 12, '2017-05-25 01:00:00', 'This is fake history 0', LOAD_FILE('/var/lib/mysql-files/test.jpg'));
INSERT INTO REPORT (REPORT_ID, PLANT_INSTANCE_ID, TIME_CREATED, SUPPLIED_DESCRIPTION, SUPPLIED_IMAGE) VALUES (32, 12, '2017-05-25 02:00:00', 'This is fake history 1', LOAD_FILE('/var/lib/mysql-files/test.jpg'));
INSERT INTO REPORT (REPORT_ID, PLANT_INSTANCE_ID, TIME_CREATED, SUPPLIED_DESCRIPTION, SUPPLIED_IMAGE) VALUES (33, 12, '2017-05-25 03:00:00', 'This is fake history 2', LOAD_FILE('/var/lib/mysql-files/test.jpg'));
INSERT INTO REPORT (REPORT_ID, PLANT_INSTANCE_ID, TIME_CREATED, SUPPLIED_DESCRIPTION, SUPPLIED_IMAGE) VALUES (34, 12, '2017-05-25 04:00:00', 'This is fake history 3', LOAD_FILE('/var/lib/mysql-files/test.jpg'));
INSERT INTO REPORT (REPORT_ID, PLANT_INSTANCE_ID, TIME_CREATED, SUPPLIED_DESCRIPTION, SUPPLIED_IMAGE) VALUES (35, 12, '2017-05-25 05:00:00', 'This is fake history 4', LOAD_FILE('/var/lib/mysql-files/test.jpg'));
INSERT INTO REPORT (REPORT_ID, PLANT_INSTANCE_ID, TIME_CREATED, SUPPLIED_DESCRIPTION, SUPPLIED_IMAGE) VALUES (36, 12, '2017-05-25 00:00:00', 'Sfts or bss', LOAD_FILE('/var/lib/mysql-files/test.jpg'));
INSERT INTO LOCATIONS (LOCATION_ID, LONGITUDE, LATITUDE) VALUES (13, -71.6661176, 44.69137515);
INSERT INTO PLANT_INSTANCE (PLANT_INSTANCE_ID, PLANT_TYPE_ID, LOCATION_ID) VALUES (13, 2, 13);
INSERT INTO REPORT (REPORT_ID, PLANT_INSTANCE_ID, TIME_CREATED, SUPPLIED_DESCRIPTION, SUPPLIED_IMAGE) VALUES (37, 13, '2017-09-07 01:00:00', 'This is fake history 0', LOAD_FILE('/var/lib/mysql-files/test.jpg'));
INSERT INTO REPORT (REPORT_ID, PLANT_INSTANCE_ID, TIME_CREATED, SUPPLIED_DESCRIPTION, SUPPLIED_IMAGE) VALUES (38, 13, '2017-09-07 02:00:00', 'This is fake history 1', LOAD_FILE('/var/lib/mysql-files/test.jpg'));
INSERT INTO REPORT (REPORT_ID, PLANT_INSTANCE_ID, TIME_CREATED, SUPPLIED_DESCRIPTION, SUPPLIED_IMAGE) VALUES (39, 13, '2017-09-07 03:00:00', 'This is fake history 2', LOAD_FILE('/var/lib/mysql-files/test.jpg'));
INSERT INTO REPORT (REPORT_ID, PLANT_INSTANCE_ID, TIME_CREATED, SUPPLIED_DESCRIPTION, SUPPLIED_IMAGE) VALUES (40, 13, '2017-09-07 04:00:00', 'This is fake history 3', LOAD_FILE('/var/lib/mysql-files/test.jpg'));
INSERT INTO REPORT (REPORT_ID, PLANT_INSTANCE_ID, TIME_CREATED, SUPPLIED_DESCRIPTION, SUPPLIED_IMAGE) VALUES (41, 13, '2017-09-07 05:00:00', 'This is fake history 4', LOAD_FILE('/var/lib/mysql-files/test.jpg'));
INSERT INTO REPORT (REPORT_ID, PLANT_INSTANCE_ID, TIME_CREATED, SUPPLIED_DESCRIPTION, SUPPLIED_IMAGE) VALUES (42, 13, '2017-09-07 00:00:00', 'Bss', LOAD_FILE('/var/lib/mysql-files/test.jpg'));
INSERT INTO LOCATIONS (LOCATION_ID, LONGITUDE, LATITUDE) VALUES (14, -71.8272689917, 44.8348524934);
INSERT INTO PLANT_INSTANCE (PLANT_INSTANCE_ID, PLANT_TYPE_ID, LOCATION_ID) VALUES (14, 2, 14);
INSERT INTO REPORT (REPORT_ID, PLANT_INSTANCE_ID, TIME_CREATED, SUPPLIED_DESCRIPTION, SUPPLIED_IMAGE) VALUES (43, 14, '2017-09-15 01:00:00', 'This is fake history 0', LOAD_FILE('/var/lib/mysql-files/test.jpg'));
INSERT INTO REPORT (REPORT_ID, PLANT_INSTANCE_ID, TIME_CREATED, SUPPLIED_DESCRIPTION, SUPPLIED_IMAGE) VALUES (44, 14, '2017-09-15 02:00:00', 'This is fake history 1', LOAD_FILE('/var/lib/mysql-files/test.jpg'));
INSERT INTO REPORT (REPORT_ID, PLANT_INSTANCE_ID, TIME_CREATED, SUPPLIED_DESCRIPTION, SUPPLIED_IMAGE) VALUES (45, 14, '2017-09-15 00:00:00', 'Bswb ', LOAD_FILE('/var/lib/mysql-files/test.jpg'));
INSERT INTO LOCATIONS (LOCATION_ID, LONGITUDE, LATITUDE) VALUES (15, -71.729112547, 44.8354712036);
INSERT INTO PLANT_INSTANCE (PLANT_INSTANCE_ID, PLANT_TYPE_ID, LOCATION_ID) VALUES (15, 2, 15);
INSERT INTO REPORT (REPORT_ID, PLANT_INSTANCE_ID, TIME_CREATED, SUPPLIED_DESCRIPTION, SUPPLIED_IMAGE) VALUES (46, 15, '2017-09-20 01:00:00', 'This is fake history 0', LOAD_FILE('/var/lib/mysql-files/test.jpg'));
INSERT INTO REPORT (REPORT_ID, PLANT_INSTANCE_ID, TIME_CREATED, SUPPLIED_DESCRIPTION, SUPPLIED_IMAGE) VALUES (47, 15, '2017-09-20 02:00:00', 'This is fake history 1', LOAD_FILE('/var/lib/mysql-files/test.jpg'));
INSERT INTO REPORT (REPORT_ID, PLANT_INSTANCE_ID, TIME_CREATED, SUPPLIED_DESCRIPTION, SUPPLIED_IMAGE) VALUES (48, 15, '2017-09-20 03:00:00', 'This is fake history 2', LOAD_FILE('/var/lib/mysql-files/test.jpg'));
INSERT INTO REPORT (REPORT_ID, PLANT_INSTANCE_ID, TIME_CREATED, SUPPLIED_DESCRIPTION, SUPPLIED_IMAGE) VALUES (49, 15, '2017-09-20 04:00:00', 'This is fake history 3', LOAD_FILE('/var/lib/mysql-files/test.jpg'));
INSERT INTO REPORT (REPORT_ID, PLANT_INSTANCE_ID, TIME_CREATED, SUPPLIED_DESCRIPTION, SUPPLIED_IMAGE) VALUES (50, 15, '2017-09-20 05:00:00', 'This is fake history 4', LOAD_FILE('/var/lib/mysql-files/test.jpg'));
INSERT INTO REPORT (REPORT_ID, PLANT_INSTANCE_ID, TIME_CREATED, SUPPLIED_DESCRIPTION, SUPPLIED_IMAGE) VALUES (51, 15, '2017-09-20 00:00:00', 'Bswb or bad', LOAD_FILE('/var/lib/mysql-files/test.jpg'));
INSERT INTO LOCATIONS (LOCATION_ID, LONGITUDE, LATITUDE) VALUES (16, -72.52857336, 44.49190337);
INSERT INTO PLANT_INSTANCE (PLANT_INSTANCE_ID, PLANT_TYPE_ID, LOCATION_ID) VALUES (16, 2, 16);
INSERT INTO REPORT (REPORT_ID, PLANT_INSTANCE_ID, TIME_CREATED, SUPPLIED_DESCRIPTION, SUPPLIED_IMAGE) VALUES (52, 16, '2018-08-09 01:00:00', 'This is fake history 0', LOAD_FILE('/var/lib/mysql-files/test.jpg'));
INSERT INTO REPORT (REPORT_ID, PLANT_INSTANCE_ID, TIME_CREATED, SUPPLIED_DESCRIPTION, SUPPLIED_IMAGE) VALUES (53, 16, '2018-08-09 02:00:00', 'This is fake history 1', LOAD_FILE('/var/lib/mysql-files/test.jpg'));
INSERT INTO REPORT (REPORT_ID, PLANT_INSTANCE_ID, TIME_CREATED, SUPPLIED_DESCRIPTION, SUPPLIED_IMAGE) VALUES (54, 16, '2018-08-09 03:00:00', 'This is fake history 2', LOAD_FILE('/var/lib/mysql-files/test.jpg'));
INSERT INTO REPORT (REPORT_ID, PLANT_INSTANCE_ID, TIME_CREATED, SUPPLIED_DESCRIPTION, SUPPLIED_IMAGE) VALUES (55, 16, '2018-08-09 04:00:00', 'This is fake history 3', LOAD_FILE('/var/lib/mysql-files/test.jpg'));
INSERT INTO REPORT (REPORT_ID, PLANT_INSTANCE_ID, TIME_CREATED, SUPPLIED_DESCRIPTION, SUPPLIED_IMAGE) VALUES (56, 16, '2018-08-09 00:00:00', 'Bss', LOAD_FILE('/var/lib/mysql-files/test.jpg'));
INSERT INTO LOCATIONS (LOCATION_ID, LONGITUDE, LATITUDE) VALUES (17, -72.52843793, 44.49283636);
INSERT INTO PLANT_INSTANCE (PLANT_INSTANCE_ID, PLANT_TYPE_ID, LOCATION_ID) VALUES (17, 2, 17);
INSERT INTO REPORT (REPORT_ID, PLANT_INSTANCE_ID, TIME_CREATED, SUPPLIED_DESCRIPTION, SUPPLIED_IMAGE) VALUES (57, 17, '2018-08-09 01:00:00', 'This is fake history 0', LOAD_FILE('/var/lib/mysql-files/test.jpg'));
INSERT INTO REPORT (REPORT_ID, PLANT_INSTANCE_ID, TIME_CREATED, SUPPLIED_DESCRIPTION, SUPPLIED_IMAGE) VALUES (58, 17, '2018-08-09 02:00:00', 'This is fake history 1', LOAD_FILE('/var/lib/mysql-files/test.jpg'));
INSERT INTO REPORT (REPORT_ID, PLANT_INSTANCE_ID, TIME_CREATED, SUPPLIED_DESCRIPTION, SUPPLIED_IMAGE) VALUES (59, 17, '2018-08-09 03:00:00', 'This is fake history 2', LOAD_FILE('/var/lib/mysql-files/test.jpg'));
INSERT INTO REPORT (REPORT_ID, PLANT_INSTANCE_ID, TIME_CREATED, SUPPLIED_DESCRIPTION, SUPPLIED_IMAGE) VALUES (60, 17, '2018-08-09 00:00:00', 'Another tiny bss ', LOAD_FILE('/var/lib/mysql-files/test.jpg'));
INSERT INTO LOCATIONS (LOCATION_ID, LONGITUDE, LATITUDE) VALUES (18, -72.991904, 44.794324);
INSERT INTO PLANT_INSTANCE (PLANT_INSTANCE_ID, PLANT_TYPE_ID, LOCATION_ID) VALUES (18, 2, 18);
INSERT INTO REPORT (REPORT_ID, PLANT_INSTANCE_ID, TIME_CREATED, SUPPLIED_DESCRIPTION, SUPPLIED_IMAGE) VALUES (61, 18, '2018-08-30 01:00:00', 'This is fake history 0', LOAD_FILE('/var/lib/mysql-files/test.jpg'));
INSERT INTO REPORT (REPORT_ID, PLANT_INSTANCE_ID, TIME_CREATED, SUPPLIED_DESCRIPTION, SUPPLIED_IMAGE) VALUES (62, 18, '2018-08-30 02:00:00', 'This is fake history 1', LOAD_FILE('/var/lib/mysql-files/test.jpg'));
INSERT INTO REPORT (REPORT_ID, PLANT_INSTANCE_ID, TIME_CREATED, SUPPLIED_DESCRIPTION, SUPPLIED_IMAGE) VALUES (63, 18, '2018-08-30 03:00:00', 'This is fake history 2', LOAD_FILE('/var/lib/mysql-files/test.jpg'));
INSERT INTO REPORT (REPORT_ID, PLANT_INSTANCE_ID, TIME_CREATED, SUPPLIED_DESCRIPTION, SUPPLIED_IMAGE) VALUES (64, 18, '2018-08-30 04:00:00', 'This is fake history 3', LOAD_FILE('/var/lib/mysql-files/test.jpg'));
INSERT INTO REPORT (REPORT_ID, PLANT_INSTANCE_ID, TIME_CREATED, SUPPLIED_DESCRIPTION, SUPPLIED_IMAGE) VALUES (65, 18, '2018-08-30 05:00:00', 'This is fake history 4', LOAD_FILE('/var/lib/mysql-files/test.jpg'));
INSERT INTO REPORT (REPORT_ID, PLANT_INSTANCE_ID, TIME_CREATED, SUPPLIED_DESCRIPTION, SUPPLIED_IMAGE) VALUES (66, 18, '2018-08-30 00:00:00', 'mapped to location of trees', LOAD_FILE('/var/lib/mysql-files/test.jpg'));
INSERT INTO LOCATIONS (LOCATION_ID, LONGITUDE, LATITUDE) VALUES (19, -72.99570146, 44.8132068);
INSERT INTO PLANT_INSTANCE (PLANT_INSTANCE_ID, PLANT_TYPE_ID, LOCATION_ID) VALUES (19, 2, 19);
INSERT INTO REPORT (REPORT_ID, PLANT_INSTANCE_ID, TIME_CREATED, SUPPLIED_DESCRIPTION, SUPPLIED_IMAGE) VALUES (67, 19, '2018-08-30 01:00:00', 'This is fake history 0', LOAD_FILE('/var/lib/mysql-files/test.jpg'));
INSERT INTO REPORT (REPORT_ID, PLANT_INSTANCE_ID, TIME_CREATED, SUPPLIED_DESCRIPTION, SUPPLIED_IMAGE) VALUES (68, 19, '2018-08-30 02:00:00', 'This is fake history 1', LOAD_FILE('/var/lib/mysql-files/test.jpg'));
INSERT INTO REPORT (REPORT_ID, PLANT_INSTANCE_ID, TIME_CREATED, SUPPLIED_DESCRIPTION, SUPPLIED_IMAGE) VALUES (69, 19, '2018-08-30 03:00:00', 'This is fake history 2', LOAD_FILE('/var/lib/mysql-files/test.jpg'));
INSERT INTO REPORT (REPORT_ID, PLANT_INSTANCE_ID, TIME_CREATED, SUPPLIED_DESCRIPTION, SUPPLIED_IMAGE) VALUES (70, 19, '2018-08-30 04:00:00', 'This is fake history 3', LOAD_FILE('/var/lib/mysql-files/test.jpg'));
INSERT INTO REPORT (REPORT_ID, PLANT_INSTANCE_ID, TIME_CREATED, SUPPLIED_DESCRIPTION, SUPPLIED_IMAGE) VALUES (71, 19, '2018-08-30 00:00:00', 'Does have some club hairs ', LOAD_FILE('/var/lib/mysql-files/test.jpg'));
INSERT INTO LOCATIONS (LOCATION_ID, LONGITUDE, LATITUDE) VALUES (20, -72.58825483, 44.74235934);
INSERT INTO PLANT_INSTANCE (PLANT_INSTANCE_ID, PLANT_TYPE_ID, LOCATION_ID) VALUES (20, 2, 20);
INSERT INTO REPORT (REPORT_ID, PLANT_INSTANCE_ID, TIME_CREATED, SUPPLIED_DESCRIPTION, SUPPLIED_IMAGE) VALUES (72, 20, '2018-09-17 01:00:00', 'This is fake history 0', LOAD_FILE('/var/lib/mysql-files/test.jpg'));
INSERT INTO REPORT (REPORT_ID, PLANT_INSTANCE_ID, TIME_CREATED, SUPPLIED_DESCRIPTION, SUPPLIED_IMAGE) VALUES (73, 20, '2018-09-17 00:00:00', 'Also has the hairy stems ', LOAD_FILE('/var/lib/mysql-files/test.jpg'));
INSERT INTO LOCATIONS (LOCATION_ID, LONGITUDE, LATITUDE) VALUES (21, -72.53599286, 44.48707098);
INSERT INTO PLANT_INSTANCE (PLANT_INSTANCE_ID, PLANT_TYPE_ID, LOCATION_ID) VALUES (21, 2, 21);
INSERT INTO REPORT (REPORT_ID, PLANT_INSTANCE_ID, TIME_CREATED, SUPPLIED_DESCRIPTION, SUPPLIED_IMAGE) VALUES (74, 21, '2018-09-19 01:00:00', 'This is fake history 0', LOAD_FILE('/var/lib/mysql-files/test.jpg'));
INSERT INTO REPORT (REPORT_ID, PLANT_INSTANCE_ID, TIME_CREATED, SUPPLIED_DESCRIPTION, SUPPLIED_IMAGE) VALUES (75, 21, '2018-09-19 02:00:00', 'This is fake history 1', LOAD_FILE('/var/lib/mysql-files/test.jpg'));
INSERT INTO REPORT (REPORT_ID, PLANT_INSTANCE_ID, TIME_CREATED, SUPPLIED_DESCRIPTION, SUPPLIED_IMAGE) VALUES (76, 21, '2018-09-19 03:00:00', 'This is fake history 2', LOAD_FILE('/var/lib/mysql-files/test.jpg'));
INSERT INTO REPORT (REPORT_ID, PLANT_INSTANCE_ID, TIME_CREATED, SUPPLIED_DESCRIPTION, SUPPLIED_IMAGE) VALUES (77, 21, '2018-09-19 04:00:00', 'This is fake history 3', LOAD_FILE('/var/lib/mysql-files/test.jpg'));
INSERT INTO REPORT (REPORT_ID, PLANT_INSTANCE_ID, TIME_CREATED, SUPPLIED_DESCRIPTION, SUPPLIED_IMAGE) VALUES (78, 21, '2018-09-19 00:00:00', 'Hsabs ', LOAD_FILE('/var/lib/mysql-files/test.jpg'));
INSERT INTO LOCATIONS (LOCATION_ID, LONGITUDE, LATITUDE) VALUES (22, -72.53580392, 44.48725858);
INSERT INTO PLANT_INSTANCE (PLANT_INSTANCE_ID, PLANT_TYPE_ID, LOCATION_ID) VALUES (22, 2, 22);
INSERT INTO REPORT (REPORT_ID, PLANT_INSTANCE_ID, TIME_CREATED, SUPPLIED_DESCRIPTION, SUPPLIED_IMAGE) VALUES (79, 22, '2018-09-19 01:00:00', 'This is fake history 0', LOAD_FILE('/var/lib/mysql-files/test.jpg'));
INSERT INTO REPORT (REPORT_ID, PLANT_INSTANCE_ID, TIME_CREATED, SUPPLIED_DESCRIPTION, SUPPLIED_IMAGE) VALUES (80, 22, '2018-09-19 02:00:00', 'This is fake history 1', LOAD_FILE('/var/lib/mysql-files/test.jpg'));
INSERT INTO REPORT (REPORT_ID, PLANT_INSTANCE_ID, TIME_CREATED, SUPPLIED_DESCRIPTION, SUPPLIED_IMAGE) VALUES (81, 22, '2018-09-19 00:00:00', 'Bss', LOAD_FILE('/var/lib/mysql-files/test.jpg'));
INSERT INTO LOCATIONS (LOCATION_ID, LONGITUDE, LATITUDE) VALUES (23, -72.6095186547, 44.7562743724);
INSERT INTO PLANT_INSTANCE (PLANT_INSTANCE_ID, PLANT_TYPE_ID, LOCATION_ID) VALUES (23, 2, 23);
INSERT INTO REPORT (REPORT_ID, PLANT_INSTANCE_ID, TIME_CREATED, SUPPLIED_DESCRIPTION, SUPPLIED_IMAGE) VALUES (82, 23, '2018-10-01 01:00:00', 'This is fake history 0', LOAD_FILE('/var/lib/mysql-files/test.jpg'));
INSERT INTO REPORT (REPORT_ID, PLANT_INSTANCE_ID, TIME_CREATED, SUPPLIED_DESCRIPTION, SUPPLIED_IMAGE) VALUES (83, 23, '2018-10-01 00:00:00', 'I think', LOAD_FILE('/var/lib/mysql-files/test.jpg'));
INSERT INTO LOCATIONS (LOCATION_ID, LONGITUDE, LATITUDE) VALUES (24, -72.5803001784, 44.2721726513);
INSERT INTO PLANT_INSTANCE (PLANT_INSTANCE_ID, PLANT_TYPE_ID, LOCATION_ID) VALUES (24, 2, 24);
INSERT INTO REPORT (REPORT_ID, PLANT_INSTANCE_ID, TIME_CREATED, SUPPLIED_DESCRIPTION, SUPPLIED_IMAGE) VALUES (84, 24, '2019-02-01 01:00:00', 'This is fake history 0', LOAD_FILE('/var/lib/mysql-files/test.jpg'));
INSERT INTO REPORT (REPORT_ID, PLANT_INSTANCE_ID, TIME_CREATED, SUPPLIED_DESCRIPTION, SUPPLIED_IMAGE) VALUES (85, 24, '2019-02-01 02:00:00', 'This is fake history 1', LOAD_FILE('/var/lib/mysql-files/test.jpg'));
INSERT INTO REPORT (REPORT_ID, PLANT_INSTANCE_ID, TIME_CREATED, SUPPLIED_DESCRIPTION, SUPPLIED_IMAGE) VALUES (86, 24, '2019-02-01 03:00:00', 'This is fake history 2', LOAD_FILE('/var/lib/mysql-files/test.jpg'));
INSERT INTO REPORT (REPORT_ID, PLANT_INSTANCE_ID, TIME_CREATED, SUPPLIED_DESCRIPTION, SUPPLIED_IMAGE) VALUES (87, 24, '2019-02-01 00:00:00', '?!', LOAD_FILE('/var/lib/mysql-files/test.jpg'));
INSERT INTO LOCATIONS (LOCATION_ID, LONGITUDE, LATITUDE) VALUES (25, -72.081549, 44.69633);
INSERT INTO PLANT_INSTANCE (PLANT_INSTANCE_ID, PLANT_TYPE_ID, LOCATION_ID) VALUES (25, 2, 25);
INSERT INTO REPORT (REPORT_ID, PLANT_INSTANCE_ID, TIME_CREATED, SUPPLIED_DESCRIPTION, SUPPLIED_IMAGE) VALUES (88, 25, '2019-10-09 00:00:00', 'And larlar', LOAD_FILE('/var/lib/mysql-files/test.jpg'));
INSERT INTO LOCATIONS (LOCATION_ID, LONGITUDE, LATITUDE) VALUES (26, -72.2325515747, 44.2907600403);
INSERT INTO PLANT_INSTANCE (PLANT_INSTANCE_ID, PLANT_TYPE_ID, LOCATION_ID) VALUES (26, 2, 26);
INSERT INTO REPORT (REPORT_ID, PLANT_INSTANCE_ID, TIME_CREATED, SUPPLIED_DESCRIPTION, SUPPLIED_IMAGE) VALUES (89, 26, '2020-01-04 00:00:00', 'Peacham Bog', LOAD_FILE('/var/lib/mysql-files/test.jpg'));
INSERT INTO LOCATIONS (LOCATION_ID, LONGITUDE, LATITUDE) VALUES (27, -71.8552372848, 44.5157921171);
INSERT INTO PLANT_INSTANCE (PLANT_INSTANCE_ID, PLANT_TYPE_ID, LOCATION_ID) VALUES (27, 2, 27);
INSERT INTO REPORT (REPORT_ID, PLANT_INSTANCE_ID, TIME_CREATED, SUPPLIED_DESCRIPTION, SUPPLIED_IMAGE) VALUES (90, 27, '2012-09-20 01:00:00', 'This is fake history 0', LOAD_FILE('/var/lib/mysql-files/test.jpg'));
INSERT INTO REPORT (REPORT_ID, PLANT_INSTANCE_ID, TIME_CREATED, SUPPLIED_DESCRIPTION, SUPPLIED_IMAGE) VALUES (91, 27, '2012-09-20 02:00:00', 'This is fake history 1', LOAD_FILE('/var/lib/mysql-files/test.jpg'));
INSERT INTO REPORT (REPORT_ID, PLANT_INSTANCE_ID, TIME_CREATED, SUPPLIED_DESCRIPTION, SUPPLIED_IMAGE) VALUES (92, 27, '2012-09-20 03:00:00', 'This is fake history 2', LOAD_FILE('/var/lib/mysql-files/test.jpg'));
INSERT INTO REPORT (REPORT_ID, PLANT_INSTANCE_ID, TIME_CREATED, SUPPLIED_DESCRIPTION, SUPPLIED_IMAGE) VALUES (93, 27, '2012-09-20 04:00:00', 'This is fake history 3', LOAD_FILE('/var/lib/mysql-files/test.jpg'));
INSERT INTO REPORT (REPORT_ID, PLANT_INSTANCE_ID, TIME_CREATED, SUPPLIED_DESCRIPTION, SUPPLIED_IMAGE) VALUES (94, 27, '2012-09-20 00:00:00', 'and balsam fir', LOAD_FILE('/var/lib/mysql-files/test.jpg'));
INSERT INTO LOCATIONS (LOCATION_ID, LONGITUDE, LATITUDE) VALUES (28, -72.8330222222, 44.5173611111);
INSERT INTO PLANT_INSTANCE (PLANT_INSTANCE_ID, PLANT_TYPE_ID, LOCATION_ID) VALUES (28, 2, 28);
INSERT INTO REPORT (REPORT_ID, PLANT_INSTANCE_ID, TIME_CREATED, SUPPLIED_DESCRIPTION, SUPPLIED_IMAGE) VALUES (95, 28, '2019-08-20 01:00:00', 'This is fake history 0', LOAD_FILE('/var/lib/mysql-files/test.jpg'));
INSERT INTO REPORT (REPORT_ID, PLANT_INSTANCE_ID, TIME_CREATED, SUPPLIED_DESCRIPTION, SUPPLIED_IMAGE) VALUES (96, 28, '2019-08-20 00:00:00', 'On the Frost Trail in the Mount Mansfield State Forest', LOAD_FILE('/var/lib/mysql-files/test.jpg'));
INSERT INTO LOCATIONS (LOCATION_ID, LONGITUDE, LATITUDE) VALUES (29, -72.6117076725, 44.0758727361);
INSERT INTO PLANT_INSTANCE (PLANT_INSTANCE_ID, PLANT_TYPE_ID, LOCATION_ID) VALUES (29, 2, 29);
INSERT INTO REPORT (REPORT_ID, PLANT_INSTANCE_ID, TIME_CREATED, SUPPLIED_DESCRIPTION, SUPPLIED_IMAGE) VALUES (97, 29, '2020-01-20 00:00:00', '"lollypop" tree there really looks like black spruce, is probably one of the two here on google street view: https://www.google.com/maps/@44.075956,-72.6113699,3a,26.9y,236.55h,104.96t/data=!3m6!1e1!3m4!1s_6saxPaP9B7bi6AdisaqPg!2e0!7i13312!8i6656 Near an intermediate fen, correct habitat for it.', LOAD_FILE('/var/lib/mysql-files/test.jpg'));
INSERT INTO LOCATIONS (LOCATION_ID, LONGITUDE, LATITUDE) VALUES (30, -72.5446523634, 44.3021335546);
INSERT INTO PLANT_INSTANCE (PLANT_INSTANCE_ID, PLANT_TYPE_ID, LOCATION_ID) VALUES (30, 2, 30);
INSERT INTO REPORT (REPORT_ID, PLANT_INSTANCE_ID, TIME_CREATED, SUPPLIED_DESCRIPTION, SUPPLIED_IMAGE) VALUES (98, 30, '2020-04-04 01:00:00', 'This is fake history 0', LOAD_FILE('/var/lib/mysql-files/test.jpg'));
INSERT INTO REPORT (REPORT_ID, PLANT_INSTANCE_ID, TIME_CREATED, SUPPLIED_DESCRIPTION, SUPPLIED_IMAGE) VALUES (99, 30, '2020-04-04 02:00:00', 'This is fake history 1', LOAD_FILE('/var/lib/mysql-files/test.jpg'));
INSERT INTO REPORT (REPORT_ID, PLANT_INSTANCE_ID, TIME_CREATED, SUPPLIED_DESCRIPTION, SUPPLIED_IMAGE) VALUES (100, 30, '2020-04-04 03:00:00', 'This is fake history 2', LOAD_FILE('/var/lib/mysql-files/test.jpg'));
INSERT INTO REPORT (REPORT_ID, PLANT_INSTANCE_ID, TIME_CREATED, SUPPLIED_DESCRIPTION, SUPPLIED_IMAGE) VALUES (101, 30, '2020-04-04 00:00:00', 'And tiny peatland', LOAD_FILE('/var/lib/mysql-files/test.jpg'));
INSERT INTO LOCATIONS (LOCATION_ID, LONGITUDE, LATITUDE) VALUES (31, -72.495139, 44.315581);
INSERT INTO PLANT_INSTANCE (PLANT_INSTANCE_ID, PLANT_TYPE_ID, LOCATION_ID) VALUES (31, 2, 31);
INSERT INTO REPORT (REPORT_ID, PLANT_INSTANCE_ID, TIME_CREATED, SUPPLIED_DESCRIPTION, SUPPLIED_IMAGE) VALUES (102, 31, '2020-04-18 01:00:00', 'This is fake history 0', LOAD_FILE('/var/lib/mysql-files/test.jpg'));
INSERT INTO REPORT (REPORT_ID, PLANT_INSTANCE_ID, TIME_CREATED, SUPPLIED_DESCRIPTION, SUPPLIED_IMAGE) VALUES (103, 31, '2020-04-18 02:00:00', 'This is fake history 1', LOAD_FILE('/var/lib/mysql-files/test.jpg'));
INSERT INTO REPORT (REPORT_ID, PLANT_INSTANCE_ID, TIME_CREATED, SUPPLIED_DESCRIPTION, SUPPLIED_IMAGE) VALUES (104, 31, '2020-04-18 03:00:00', 'This is fake history 2', LOAD_FILE('/var/lib/mysql-files/test.jpg'));
INSERT INTO REPORT (REPORT_ID, PLANT_INSTANCE_ID, TIME_CREATED, SUPPLIED_DESCRIPTION, SUPPLIED_IMAGE) VALUES (105, 31, '2020-04-18 04:00:00', 'This is fake history 3', LOAD_FILE('/var/lib/mysql-files/test.jpg'));
INSERT INTO REPORT (REPORT_ID, PLANT_INSTANCE_ID, TIME_CREATED, SUPPLIED_DESCRIPTION, SUPPLIED_IMAGE) VALUES (106, 31, '2020-04-18 05:00:00', 'This is fake history 4', LOAD_FILE('/var/lib/mysql-files/test.jpg'));
INSERT INTO REPORT (REPORT_ID, PLANT_INSTANCE_ID, TIME_CREATED, SUPPLIED_DESCRIPTION, SUPPLIED_IMAGE) VALUES (107, 31, '2020-04-18 00:00:00', 'Across wetland', LOAD_FILE('/var/lib/mysql-files/test.jpg'));
INSERT INTO LOCATIONS (LOCATION_ID, LONGITUDE, LATITUDE) VALUES (32, -72.5214605593, 44.2631940823);
INSERT INTO PLANT_INSTANCE (PLANT_INSTANCE_ID, PLANT_TYPE_ID, LOCATION_ID) VALUES (32, 2, 32);
INSERT INTO REPORT (REPORT_ID, PLANT_INSTANCE_ID, TIME_CREATED, SUPPLIED_DESCRIPTION, SUPPLIED_IMAGE) VALUES (108, 32, '2020-04-19 01:00:00', 'This is fake history 0', LOAD_FILE('/var/lib/mysql-files/test.jpg'));
INSERT INTO REPORT (REPORT_ID, PLANT_INSTANCE_ID, TIME_CREATED, SUPPLIED_DESCRIPTION, SUPPLIED_IMAGE) VALUES (109, 32, '2020-04-19 02:00:00', 'This is fake history 1', LOAD_FILE('/var/lib/mysql-files/test.jpg'));
INSERT INTO REPORT (REPORT_ID, PLANT_INSTANCE_ID, TIME_CREATED, SUPPLIED_DESCRIPTION, SUPPLIED_IMAGE) VALUES (110, 32, '2020-04-19 03:00:00', 'This is fake history 2', LOAD_FILE('/var/lib/mysql-files/test.jpg'));
INSERT INTO REPORT (REPORT_ID, PLANT_INSTANCE_ID, TIME_CREATED, SUPPLIED_DESCRIPTION, SUPPLIED_IMAGE) VALUES (111, 32, '2020-04-19 04:00:00', 'This is fake history 3', LOAD_FILE('/var/lib/mysql-files/test.jpg'));
INSERT INTO REPORT (REPORT_ID, PLANT_INSTANCE_ID, TIME_CREATED, SUPPLIED_DESCRIPTION, SUPPLIED_IMAGE) VALUES (112, 32, '2020-04-19 00:00:00', 'Red or black', LOAD_FILE('/var/lib/mysql-files/test.jpg'));
INSERT INTO LOCATIONS (LOCATION_ID, LONGITUDE, LATITUDE) VALUES (33, -73.023398174, 44.052404305);
INSERT INTO PLANT_INSTANCE (PLANT_INSTANCE_ID, PLANT_TYPE_ID, LOCATION_ID) VALUES (33, 2, 33);
INSERT INTO REPORT (REPORT_ID, PLANT_INSTANCE_ID, TIME_CREATED, SUPPLIED_DESCRIPTION, SUPPLIED_IMAGE) VALUES (113, 33, '2020-05-08 01:00:00', 'This is fake history 0', LOAD_FILE('/var/lib/mysql-files/test.jpg'));
INSERT INTO REPORT (REPORT_ID, PLANT_INSTANCE_ID, TIME_CREATED, SUPPLIED_DESCRIPTION, SUPPLIED_IMAGE) VALUES (114, 33, '2020-05-08 02:00:00', 'This is fake history 1', LOAD_FILE('/var/lib/mysql-files/test.jpg'));
INSERT INTO REPORT (REPORT_ID, PLANT_INSTANCE_ID, TIME_CREATED, SUPPLIED_DESCRIPTION, SUPPLIED_IMAGE) VALUES (115, 33, '2020-05-08 00:00:00', 'Probably. Raised peaty spot within wetland', LOAD_FILE('/var/lib/mysql-files/test.jpg'));
INSERT INTO LOCATIONS (LOCATION_ID, LONGITUDE, LATITUDE) VALUES (34, -72.39043657, 44.436303);
INSERT INTO PLANT_INSTANCE (PLANT_INSTANCE_ID, PLANT_TYPE_ID, LOCATION_ID) VALUES (34, 2, 34);
INSERT INTO REPORT (REPORT_ID, PLANT_INSTANCE_ID, TIME_CREATED, SUPPLIED_DESCRIPTION, SUPPLIED_IMAGE) VALUES (116, 34, '2020-06-04 00:00:00', 'Or rubra', LOAD_FILE('/var/lib/mysql-files/test.jpg'));
INSERT INTO LOCATIONS (LOCATION_ID, LONGITUDE, LATITUDE) VALUES (35, -72.3162475974, 44.2842261214);
INSERT INTO PLANT_INSTANCE (PLANT_INSTANCE_ID, PLANT_TYPE_ID, LOCATION_ID) VALUES (35, 2, 35);
INSERT INTO REPORT (REPORT_ID, PLANT_INSTANCE_ID, TIME_CREATED, SUPPLIED_DESCRIPTION, SUPPLIED_IMAGE) VALUES (117, 35, '2020-07-09 01:00:00', 'This is fake history 0', LOAD_FILE('/var/lib/mysql-files/test.jpg'));
INSERT INTO REPORT (REPORT_ID, PLANT_INSTANCE_ID, TIME_CREATED, SUPPLIED_DESCRIPTION, SUPPLIED_IMAGE) VALUES (118, 35, '2020-07-09 00:00:00', 'Lots', LOAD_FILE('/var/lib/mysql-files/test.jpg'));
INSERT INTO LOCATIONS (LOCATION_ID, LONGITUDE, LATITUDE) VALUES (36, -72.27769685, 44.25898116);
INSERT INTO PLANT_INSTANCE (PLANT_INSTANCE_ID, PLANT_TYPE_ID, LOCATION_ID) VALUES (36, 2, 36);
INSERT INTO REPORT (REPORT_ID, PLANT_INSTANCE_ID, TIME_CREATED, SUPPLIED_DESCRIPTION, SUPPLIED_IMAGE) VALUES (119, 36, '2020-07-09 01:00:00', 'This is fake history 0', LOAD_FILE('/var/lib/mysql-files/test.jpg'));
INSERT INTO REPORT (REPORT_ID, PLANT_INSTANCE_ID, TIME_CREATED, SUPPLIED_DESCRIPTION, SUPPLIED_IMAGE) VALUES (120, 36, '2020-07-09 02:00:00', 'This is fake history 1', LOAD_FILE('/var/lib/mysql-files/test.jpg'));
INSERT INTO REPORT (REPORT_ID, PLANT_INSTANCE_ID, TIME_CREATED, SUPPLIED_DESCRIPTION, SUPPLIED_IMAGE) VALUES (121, 36, '2020-07-09 00:00:00', 'Bss', LOAD_FILE('/var/lib/mysql-files/test.jpg'));
INSERT INTO LOCATIONS (LOCATION_ID, LONGITUDE, LATITUDE) VALUES (37, -72.27443192, 44.25832114);
INSERT INTO PLANT_INSTANCE (PLANT_INSTANCE_ID, PLANT_TYPE_ID, LOCATION_ID) VALUES (37, 2, 37);
INSERT INTO REPORT (REPORT_ID, PLANT_INSTANCE_ID, TIME_CREATED, SUPPLIED_DESCRIPTION, SUPPLIED_IMAGE) VALUES (122, 37, '2020-07-09 01:00:00', 'This is fake history 0', LOAD_FILE('/var/lib/mysql-files/test.jpg'));
INSERT INTO REPORT (REPORT_ID, PLANT_INSTANCE_ID, TIME_CREATED, SUPPLIED_DESCRIPTION, SUPPLIED_IMAGE) VALUES (123, 37, '2020-07-09 00:00:00', 'S', LOAD_FILE('/var/lib/mysql-files/test.jpg'));
INSERT INTO LOCATIONS (LOCATION_ID, LONGITUDE, LATITUDE) VALUES (38, -72.8955574707, 43.7665086519);
INSERT INTO PLANT_INSTANCE (PLANT_INSTANCE_ID, PLANT_TYPE_ID, LOCATION_ID) VALUES (38, 2, 38);
INSERT INTO REPORT (REPORT_ID, PLANT_INSTANCE_ID, TIME_CREATED, SUPPLIED_DESCRIPTION, SUPPLIED_IMAGE) VALUES (124, 38, '2020-07-20 01:00:00', 'This is fake history 0', LOAD_FILE('/var/lib/mysql-files/test.jpg'));
INSERT INTO REPORT (REPORT_ID, PLANT_INSTANCE_ID, TIME_CREATED, SUPPLIED_DESCRIPTION, SUPPLIED_IMAGE) VALUES (125, 38, '2020-07-20 02:00:00', 'This is fake history 1', LOAD_FILE('/var/lib/mysql-files/test.jpg'));
INSERT INTO REPORT (REPORT_ID, PLANT_INSTANCE_ID, TIME_CREATED, SUPPLIED_DESCRIPTION, SUPPLIED_IMAGE) VALUES (126, 38, '2020-07-20 03:00:00', 'This is fake history 2', LOAD_FILE('/var/lib/mysql-files/test.jpg'));
INSERT INTO REPORT (REPORT_ID, PLANT_INSTANCE_ID, TIME_CREATED, SUPPLIED_DESCRIPTION, SUPPLIED_IMAGE) VALUES (127, 38, '2020-07-20 00:00:00', 'I think. In peat Mat', LOAD_FILE('/var/lib/mysql-files/test.jpg'));
INSERT INTO LOCATIONS (LOCATION_ID, LONGITUDE, LATITUDE) VALUES (39, -72.188259, 44.494141);
INSERT INTO PLANT_INSTANCE (PLANT_INSTANCE_ID, PLANT_TYPE_ID, LOCATION_ID) VALUES (39, 2, 39);
INSERT INTO REPORT (REPORT_ID, PLANT_INSTANCE_ID, TIME_CREATED, SUPPLIED_DESCRIPTION, SUPPLIED_IMAGE) VALUES (128, 39, '2020-07-27 01:00:00', 'This is fake history 0', LOAD_FILE('/var/lib/mysql-files/test.jpg'));
INSERT INTO REPORT (REPORT_ID, PLANT_INSTANCE_ID, TIME_CREATED, SUPPLIED_DESCRIPTION, SUPPLIED_IMAGE) VALUES (129, 39, '2020-07-27 00:00:00', 'location didn"t record correctly so adjusted. think this is black vs red spruce', LOAD_FILE('/var/lib/mysql-files/test.jpg'));
INSERT INTO LOCATIONS (LOCATION_ID, LONGITUDE, LATITUDE) VALUES (40, -72.2322971374, 44.2900565314);
INSERT INTO PLANT_INSTANCE (PLANT_INSTANCE_ID, PLANT_TYPE_ID, LOCATION_ID) VALUES (40, 2, 40);
INSERT INTO REPORT (REPORT_ID, PLANT_INSTANCE_ID, TIME_CREATED, SUPPLIED_DESCRIPTION, SUPPLIED_IMAGE) VALUES (130, 40, '2020-09-13 01:00:00', 'This is fake history 0', LOAD_FILE('/var/lib/mysql-files/test.jpg'));
INSERT INTO REPORT (REPORT_ID, PLANT_INSTANCE_ID, TIME_CREATED, SUPPLIED_DESCRIPTION, SUPPLIED_IMAGE) VALUES (131, 40, '2020-09-13 00:00:00', '<3', LOAD_FILE('/var/lib/mysql-files/test.jpg'));
INSERT INTO LOCATIONS (LOCATION_ID, LONGITUDE, LATITUDE) VALUES (41, -71.7369253188, 44.7630536992);
INSERT INTO PLANT_INSTANCE (PLANT_INSTANCE_ID, PLANT_TYPE_ID, LOCATION_ID) VALUES (41, 2, 41);
INSERT INTO REPORT (REPORT_ID, PLANT_INSTANCE_ID, TIME_CREATED, SUPPLIED_DESCRIPTION, SUPPLIED_IMAGE) VALUES (132, 41, '2021-06-26 00:00:00', 'In bog', LOAD_FILE('/var/lib/mysql-files/test.jpg'));
INSERT INTO LOCATIONS (LOCATION_ID, LONGITUDE, LATITUDE) VALUES (42, -72.9550083696, 43.0481276896);
INSERT INTO PLANT_INSTANCE (PLANT_INSTANCE_ID, PLANT_TYPE_ID, LOCATION_ID) VALUES (42, 2, 42);
INSERT INTO REPORT (REPORT_ID, PLANT_INSTANCE_ID, TIME_CREATED, SUPPLIED_DESCRIPTION, SUPPLIED_IMAGE) VALUES (133, 42, '2021-06-28 00:00:00', 'Less than red spruce', LOAD_FILE('/var/lib/mysql-files/test.jpg'));
INSERT INTO LOCATIONS (LOCATION_ID, LONGITUDE, LATITUDE) VALUES (43, -73.0548412981, 44.0436170966);
INSERT INTO PLANT_INSTANCE (PLANT_INSTANCE_ID, PLANT_TYPE_ID, LOCATION_ID) VALUES (43, 2, 43);
INSERT INTO REPORT (REPORT_ID, PLANT_INSTANCE_ID, TIME_CREATED, SUPPLIED_DESCRIPTION, SUPPLIED_IMAGE) VALUES (134, 43, '2021-07-15 01:00:00', 'This is fake history 0', LOAD_FILE('/var/lib/mysql-files/test.jpg'));
INSERT INTO REPORT (REPORT_ID, PLANT_INSTANCE_ID, TIME_CREATED, SUPPLIED_DESCRIPTION, SUPPLIED_IMAGE) VALUES (135, 43, '2021-07-15 00:00:00', 'Glandular Hairs', LOAD_FILE('/var/lib/mysql-files/test.jpg'));
INSERT INTO LOCATIONS (LOCATION_ID, LONGITUDE, LATITUDE) VALUES (44, -73.0447679702, 42.8977068127);
INSERT INTO PLANT_INSTANCE (PLANT_INSTANCE_ID, PLANT_TYPE_ID, LOCATION_ID) VALUES (44, 2, 44);
INSERT INTO REPORT (REPORT_ID, PLANT_INSTANCE_ID, TIME_CREATED, SUPPLIED_DESCRIPTION, SUPPLIED_IMAGE) VALUES (136, 44, '2021-07-20 00:00:00', 'Acidic softwood shrub swamp', LOAD_FILE('/var/lib/mysql-files/test.jpg'));
INSERT INTO LOCATIONS (LOCATION_ID, LONGITUDE, LATITUDE) VALUES (45, -73.0448468405, 42.898111514);
INSERT INTO PLANT_INSTANCE (PLANT_INSTANCE_ID, PLANT_TYPE_ID, LOCATION_ID) VALUES (45, 2, 45);
INSERT INTO REPORT (REPORT_ID, PLANT_INSTANCE_ID, TIME_CREATED, SUPPLIED_DESCRIPTION, SUPPLIED_IMAGE) VALUES (137, 45, '2021-07-20 01:00:00', 'This is fake history 0', LOAD_FILE('/var/lib/mysql-files/test.jpg'));
INSERT INTO REPORT (REPORT_ID, PLANT_INSTANCE_ID, TIME_CREATED, SUPPLIED_DESCRIPTION, SUPPLIED_IMAGE) VALUES (138, 45, '2021-07-20 02:00:00', 'This is fake history 1', LOAD_FILE('/var/lib/mysql-files/test.jpg'));
INSERT INTO REPORT (REPORT_ID, PLANT_INSTANCE_ID, TIME_CREATED, SUPPLIED_DESCRIPTION, SUPPLIED_IMAGE) VALUES (139, 45, '2021-07-20 03:00:00', 'This is fake history 2', LOAD_FILE('/var/lib/mysql-files/test.jpg'));
INSERT INTO REPORT (REPORT_ID, PLANT_INSTANCE_ID, TIME_CREATED, SUPPLIED_DESCRIPTION, SUPPLIED_IMAGE) VALUES (140, 45, '2021-07-20 04:00:00', 'This is fake history 3', LOAD_FILE('/var/lib/mysql-files/test.jpg'));
INSERT INTO REPORT (REPORT_ID, PLANT_INSTANCE_ID, TIME_CREATED, SUPPLIED_DESCRIPTION, SUPPLIED_IMAGE) VALUES (141, 45, '2021-07-20 00:00:00', 'In addition to shape the needles are visibly smaller than the red spruce also In Photo ', LOAD_FILE('/var/lib/mysql-files/test.jpg'));
INSERT INTO LOCATIONS (LOCATION_ID, LONGITUDE, LATITUDE) VALUES (46, -72.0938110595, 44.7329358755);
INSERT INTO PLANT_INSTANCE (PLANT_INSTANCE_ID, PLANT_TYPE_ID, LOCATION_ID) VALUES (46, 2, 46);
INSERT INTO REPORT (REPORT_ID, PLANT_INSTANCE_ID, TIME_CREATED, SUPPLIED_DESCRIPTION, SUPPLIED_IMAGE) VALUES (142, 46, '2021-09-19 01:00:00', 'This is fake history 0', LOAD_FILE('/var/lib/mysql-files/test.jpg'));
INSERT INTO REPORT (REPORT_ID, PLANT_INSTANCE_ID, TIME_CREATED, SUPPLIED_DESCRIPTION, SUPPLIED_IMAGE) VALUES (143, 46, '2021-09-19 02:00:00', 'This is fake history 1', LOAD_FILE('/var/lib/mysql-files/test.jpg'));
INSERT INTO REPORT (REPORT_ID, PLANT_INSTANCE_ID, TIME_CREATED, SUPPLIED_DESCRIPTION, SUPPLIED_IMAGE) VALUES (144, 46, '2021-09-19 03:00:00', 'This is fake history 2', LOAD_FILE('/var/lib/mysql-files/test.jpg'));
INSERT INTO REPORT (REPORT_ID, PLANT_INSTANCE_ID, TIME_CREATED, SUPPLIED_DESCRIPTION, SUPPLIED_IMAGE) VALUES (145, 46, '2021-09-19 04:00:00', 'This is fake history 3', LOAD_FILE('/var/lib/mysql-files/test.jpg'));
INSERT INTO REPORT (REPORT_ID, PLANT_INSTANCE_ID, TIME_CREATED, SUPPLIED_DESCRIPTION, SUPPLIED_IMAGE) VALUES (146, 46, '2021-09-19 05:00:00', 'This is fake history 4', LOAD_FILE('/var/lib/mysql-files/test.jpg'));
INSERT INTO REPORT (REPORT_ID, PLANT_INSTANCE_ID, TIME_CREATED, SUPPLIED_DESCRIPTION, SUPPLIED_IMAGE) VALUES (147, 46, '2021-09-19 00:00:00', 'Maybe black spruce ?', LOAD_FILE('/var/lib/mysql-files/test.jpg'));
INSERT INTO LOCATIONS (LOCATION_ID, LONGITUDE, LATITUDE) VALUES (47, -73.1494140625, 44.0156364441);
INSERT INTO PLANT_INSTANCE (PLANT_INSTANCE_ID, PLANT_TYPE_ID, LOCATION_ID) VALUES (47, 1, 47);
INSERT INTO REPORT (REPORT_ID, PLANT_INSTANCE_ID, TIME_CREATED, SUPPLIED_DESCRIPTION, SUPPLIED_IMAGE) VALUES (148, 47, '2011-12-05 01:00:00', 'This is fake history 0', LOAD_FILE('/var/lib/mysql-files/test.jpg'));
INSERT INTO REPORT (REPORT_ID, PLANT_INSTANCE_ID, TIME_CREATED, SUPPLIED_DESCRIPTION, SUPPLIED_IMAGE) VALUES (149, 47, '2011-12-05 02:00:00', 'This is fake history 1', LOAD_FILE('/var/lib/mysql-files/test.jpg'));
INSERT INTO REPORT (REPORT_ID, PLANT_INSTANCE_ID, TIME_CREATED, SUPPLIED_DESCRIPTION, SUPPLIED_IMAGE) VALUES (150, 47, '2011-12-05 00:00:00', 'Young grove', LOAD_FILE('/var/lib/mysql-files/test.jpg'));
INSERT INTO LOCATIONS (LOCATION_ID, LONGITUDE, LATITUDE) VALUES (48, -73.129445, 43.684733);
INSERT INTO PLANT_INSTANCE (PLANT_INSTANCE_ID, PLANT_TYPE_ID, LOCATION_ID) VALUES (48, 1, 48);
INSERT INTO REPORT (REPORT_ID, PLANT_INSTANCE_ID, TIME_CREATED, SUPPLIED_DESCRIPTION, SUPPLIED_IMAGE) VALUES (151, 48, '2012-05-27 01:00:00', 'This is fake history 0', LOAD_FILE('/var/lib/mysql-files/test.jpg'));
INSERT INTO REPORT (REPORT_ID, PLANT_INSTANCE_ID, TIME_CREATED, SUPPLIED_DESCRIPTION, SUPPLIED_IMAGE) VALUES (152, 48, '2012-05-27 02:00:00', 'This is fake history 1', LOAD_FILE('/var/lib/mysql-files/test.jpg'));
INSERT INTO REPORT (REPORT_ID, PLANT_INSTANCE_ID, TIME_CREATED, SUPPLIED_DESCRIPTION, SUPPLIED_IMAGE) VALUES (153, 48, '2012-05-27 00:00:00', 'With waterfall', LOAD_FILE('/var/lib/mysql-files/test.jpg'));
INSERT INTO LOCATIONS (LOCATION_ID, LONGITUDE, LATITUDE) VALUES (49, -72.675, 43.792156);
INSERT INTO PLANT_INSTANCE (PLANT_INSTANCE_ID, PLANT_TYPE_ID, LOCATION_ID) VALUES (49, 1, 49);
INSERT INTO REPORT (REPORT_ID, PLANT_INSTANCE_ID, TIME_CREATED, SUPPLIED_DESCRIPTION, SUPPLIED_IMAGE) VALUES (154, 49, '2013-08-30 01:00:00', 'This is fake history 0', LOAD_FILE('/var/lib/mysql-files/test.jpg'));
INSERT INTO REPORT (REPORT_ID, PLANT_INSTANCE_ID, TIME_CREATED, SUPPLIED_DESCRIPTION, SUPPLIED_IMAGE) VALUES (155, 49, '2013-08-30 02:00:00', 'This is fake history 1', LOAD_FILE('/var/lib/mysql-files/test.jpg'));
INSERT INTO REPORT (REPORT_ID, PLANT_INSTANCE_ID, TIME_CREATED, SUPPLIED_DESCRIPTION, SUPPLIED_IMAGE) VALUES (156, 49, '2013-08-30 00:00:00', 'Stopped traffic. A tree snag had fallen over the road. Vermont traffic jam. ', LOAD_FILE('/var/lib/mysql-files/test.jpg'));
INSERT INTO LOCATIONS (LOCATION_ID, LONGITUDE, LATITUDE) VALUES (50, -72.089433, 44.247829);
INSERT INTO PLANT_INSTANCE (PLANT_INSTANCE_ID, PLANT_TYPE_ID, LOCATION_ID) VALUES (50, 1, 50);
INSERT INTO REPORT (REPORT_ID, PLANT_INSTANCE_ID, TIME_CREATED, SUPPLIED_DESCRIPTION, SUPPLIED_IMAGE) VALUES (157, 50, '2013-09-13 01:00:00', 'This is fake history 0', LOAD_FILE('/var/lib/mysql-files/test.jpg'));
INSERT INTO REPORT (REPORT_ID, PLANT_INSTANCE_ID, TIME_CREATED, SUPPLIED_DESCRIPTION, SUPPLIED_IMAGE) VALUES (158, 50, '2013-09-13 00:00:00', 'Massive - 129 cm dbh', LOAD_FILE('/var/lib/mysql-files/test.jpg'));
